<?xml version="1.0" encoding="UTF-8"?>
<configurationDescriptor version="62">
  <logicalFolder name="root" displayName="root" projectFiles="true">
    <logicalFolder name="HeaderFiles"
                   displayName="Header Files"
                   projectFiles="true">
      <logicalFolder name="CANopen_stack"
                     displayName="CANopen_stack"
                     projectFiles="true">
        <logicalFolder name="PIC32" displayName="PIC32" projectFiles="true">
          <itemPath>../../CANopen_stack/PIC32/CO_driver.h</itemPath>
          <itemPath>../../CANopen_stack/PIC32/eeprom.h</itemPath>
        </logicalFolder>
        <itemPath>../../CANopen_stack/CO_Emergency.h</itemPath>
        <itemPath>../../CANopen_stack/CO_HBconsumer.h</itemPath>
        <itemPath>../../CANopen_stack/CO_NMT_Heartbeat.h</itemPath>
        <itemPath>../../CANopen_stack/CO_PDO.h</itemPath>
        <itemPath>../../CANopen_stack/CO_SDO.h</itemPath>
        <itemPath>../../CANopen_stack/CO_SYNC.h</itemPath>
        <itemPath>../../CANopen_stack/application.h</itemPath>
        <itemPath>../../CANopen_stack/CANopen.h</itemPath>
        <itemPath>../../CANopen_stack/crc16-ccitt.h</itemPath>
      </logicalFolder>
      <itemPath>../CO_OD.h</itemPath>
    </logicalFolder>
    <logicalFolder name="LinkerScript"
                   displayName="Linker Files"
                   projectFiles="true">
    </logicalFolder>
    <logicalFolder name="SourceFiles"
                   displayName="Source Files"
                   projectFiles="true">
      <logicalFolder name="CANopen_stack"
                     displayName="CANopen_stack"
                     projectFiles="true">
        <logicalFolder name="PIC32" displayName="PIC32" projectFiles="true">
          <itemPath>../../CANopen_stack/PIC32/CO_driver.c</itemPath>
          <itemPath>../../CANopen_stack/PIC32/eeprom.c</itemPath>
          <itemPath>../../CANopen_stack/PIC32/main_PIC32.c</itemPath>
        </logicalFolder>
        <itemPath>../../CANopen_stack/CO_Emergency.c</itemPath>
        <itemPath>../../CANopen_stack/CO_HBconsumer.c</itemPath>
        <itemPath>../../CANopen_stack/CO_NMT_Heartbeat.c</itemPath>
        <itemPath>../../CANopen_stack/CO_PDO.c</itemPath>
        <itemPath>../../CANopen_stack/CO_SDO.c</itemPath>
        <itemPath>../../CANopen_stack/CO_SYNC.c</itemPath>
        <itemPath>../../CANopen_stack/CANopen.c</itemPath>
        <itemPath>../../CANopen_stack/crc16-ccitt.c</itemPath>
      </logicalFolder>
      <itemPath>../appl_PIC32_explorer16_IO.c</itemPath>
      <itemPath>../CO_OD.c</itemPath>
    </logicalFolder>
    <logicalFolder name="ExternalFiles"
                   displayName="Important Files"
                   projectFiles="false">
      <itemPath>Makefile</itemPath>
    </logicalFolder>
    <logicalFolder name="OtherFiles" displayName="Other Files" projectFiles="false">
      <itemPath>../../CANopen_stack/COPYING.LESSER.txt</itemPath>
      <itemPath>../../CANopen_stack/COPYING.txt</itemPath>
      <itemPath>../../CANopen_stack/Readme.txt</itemPath>
    </logicalFolder>
  </logicalFolder>
  <sourceRootList>
    <Elem>../../CANopen_stack</Elem>
  </sourceRootList>
  <projectmakefile>Makefile</projectmakefile>
  <confs>
    <conf name="default" type="2">
      <toolsSet>
        <developmentServer>localhost</developmentServer>
        <targetDevice>PIC32MX795F512L</targetDevice>
        <targetHeader></targetHeader>
        <targetPluginBoard></targetPluginBoard>
        <platformTool>ICD3PlatformTool</platformTool>
        <languageToolchain>XC32</languageToolchain>
        <languageToolchainVersion>1.20</languageToolchainVersion>
        <platform>3</platform>
      </toolsSet>
      <compileType>
        <linkerTool>
          <linkerLibItems>
          </linkerLibItems>
        </linkerTool>
        <loading>
          <useAlternateLoadableFile>false</useAlternateLoadableFile>
          <alternateLoadableFile></alternateLoadableFile>
        </loading>
      </compileType>
      <makeCustomizationType>
        <makeCustomizationPreStepEnabled>false</makeCustomizationPreStepEnabled>
        <makeCustomizationPreStep></makeCustomizationPreStep>
        <makeCustomizationPostStepEnabled>false</makeCustomizationPostStepEnabled>
        <makeCustomizationPostStep></makeCustomizationPostStep>
        <makeCustomizationPutChecksumInUserID>false</makeCustomizationPutChecksumInUserID>
        <makeCustomizationEnableLongLines>false</makeCustomizationEnableLongLines>
        <makeCustomizationNormalizeHexFile>false</makeCustomizationNormalizeHexFile>
      </makeCustomizationType>
      <C32>
        <property key="additional-warnings" value="true"/>
        <property key="enable-app-io" value="false"/>
        <property key="enable-omit-frame-pointer" value="false"/>
        <property key="enable-symbols" value="true"/>
        <property key="enable-unroll-loops" value="false"/>
        <property key="exclude-floating-point" value="false"/>
        <property key="extra-include-directories"
                  value="../../CANopen_stack;../../CANopen_stack/PIC32;.."/>
        <property key="generate-16-bit-code" value="false"/>
        <property key="isolate-each-function" value="false"/>
        <property key="keep-inline" value="false"/>
        <property key="make-warnings-into-errors" value="false"/>
        <property key="optimization-level" value=""/>
        <property key="place-data-into-section" value="false"/>
        <property key="post-instruction-scheduling" value="default"/>
        <property key="pre-instruction-scheduling" value="default"/>
        <property key="preprocessor-macros" value=""/>
        <property key="strict-ansi" value="false"/>
        <property key="support-ansi" value="false"/>
        <property key="use-cci" value="false"/>
        <property key="use-indirect-calls" value="false"/>
      </C32>
      <C32-AS>
        <property key="assembler-symbols" value=""/>
        <property key="enable-symbols" value="true"/>
        <property key="exclude-floating-point-library" value="false"/>
        <property key="expand-macros" value="false"/>
        <property key="extra-include-directories-for-assembler" value=".."/>
        <property key="extra-include-directories-for-preprocessor" value=""/>
        <property key="false-conditionals" value="false"/>
        <property key="keep-locals" value="false"/>
        <property key="list-assembly" value="false"/>
        <property key="list-file" value=""/>
        <property key="list-section-info" value="false"/>
        <property key="list-source" value="false"/>
        <property key="list-symbols" value="false"/>
        <property key="omit-debug-dirs" value="false"/>
        <property key="omit-forms" value="false"/>
        <property key="preprocessor-macros" value=""/>
        <property key="warning-level" value=""/>
      </C32-AS>
      <C32-LD>
        <property key="enable-check-sections" value="false"/>
        <property key="exclude-floating-point-library" value="false"/>
        <property key="exclude-standard-libraries" value="false"/>
        <property key="extra-lib-directories"
                  value="/C/Program Files/Microchip/MPLAB C32/lib;/C/Program Files/Microchip/MPLAB C32/pic32mx/lib"/>
        <property key="generate-16-bit-code" value="false"/>
        <property key="generate-cross-reference-file" value="false"/>
        <property key="heap-size" value="5000"/>
        <property key="input-libraries" value=""/>
        <property key="linker-symbols" value=""/>
        <property key="map-file" value="&quot;${DISTDIR}/PIC32.X.${IMAGE_TYPE}.map&quot;"/>
        <property key="no-startup-files" value="false"/>
        <property key="optimization-level" value=""/>
        <property key="preprocessor-macros" value=""/>
        <property key="remove-unused-sections" value="false"/>
        <property key="report-memory-usage" value="false"/>
        <property key="stack-size" value=""/>
        <property key="symbol-stripping" value=""/>
        <property key="trace-symbols" value=""/>
        <property key="warn-section-align" value="false"/>
      </C32-LD>
      <C32CPP>
      </C32CPP>
      <C32Global>
        <property key="legacy-libc" value="false"/>
      </C32Global>
      <ICD3PlatformTool>
        <property key="ADC 1" value="true"/>
        <property key="AutoSelectMemRanges" value="auto"/>
        <property key="CHANGE NOTICE" value="true"/>
        <property key="COMPARATOR" value="true"/>
        <property key="DMA" value="true"/>
        <property key="Freeze All Other Peripherals" value="true"/>
        <property key="I2C1" value="true"/>
        <property key="I2C2" value="true"/>
        <property key="I2C3" value="true"/>
        <property key="I2C4" value="true"/>
        <property key="I2C5" value="true"/>
        <property key="INPUT CAPTURE 1" value="true"/>
        <property key="INPUT CAPTURE 2" value="true"/>
        <property key="INPUT CAPTURE 3" value="true"/>
        <property key="INPUT CAPTURE 4" value="true"/>
        <property key="INPUT CAPTURE 5" value="true"/>
        <property key="INTERRUPT CONTROL" value="true"/>
        <property key="OUTPUT COMPARE 1" value="true"/>
        <property key="OUTPUT COMPARE 2" value="true"/>
        <property key="OUTPUT COMPARE 3" value="true"/>
        <property key="OUTPUT COMPARE 4" value="true"/>
        <property key="OUTPUT COMPARE 5" value="true"/>
        <property key="PARALLEL MASTER/SLAVE PORT" value="true"/>
        <property key="REAL TIME CLOCK" value="true"/>
        <property key="SecureSegment.SegmentProgramming" value="FullChipProgramming"/>
        <property key="TIMER1" value="true"/>
        <property key="TIMER2" value="true"/>
        <property key="TIMER3" value="true"/>
        <property key="TIMER4" value="true"/>
        <property key="TIMER5" value="true"/>
        <property key="ToolFirmwareFilePath"
                  value="Press to browse for a specific firmware version"/>
        <property key="ToolFirmwareOption.UseLatestFirmware" value="true"/>
        <property key="UART1" value="true"/>
        <property key="UART2" value="true"/>
        <property key="UART3" value="true"/>
        <property key="UART4" value="true"/>
        <property key="UART5" value="true"/>
        <property key="UART6" value="true"/>
        <property key="debugoptions.useswbreakpoints" value="false"/>
        <property key="hwtoolclock.frcindebug" value="false"/>
        <property key="memories.eeprom" value="true"/>
        <property key="memories.flashdata" value="true"/>
        <property key="memories.id" value="true"/>
        <property key="memories.programmemory" value="true"/>
        <property key="memories.programmemory.end" value="0x1d07ffff"/>
        <property key="memories.programmemory.start" value="0x1d000000"/>
        <property key="poweroptions.powerenable" value="false"/>
        <property key="programoptions.eraseb4program" value="true"/>
        <property key="programoptions.preserveeeprom" value="false"/>
        <property key="programoptions.preserveprogramrange" value="false"/>
        <property key="programoptions.preserveprogramrange.end" value="0x1d0001ff"/>
        <property key="programoptions.preserveprogramrange.start" value="0x1d000000"/>
        <property key="programoptions.preserveuserid" value="false"/>
        <property key="programoptions.usehighvoltageonmclr" value="false"/>
        <property key="programoptions.uselvpprogramming" value="false"/>
        <property key="voltagevalue" value="3.25"/>
      </ICD3PlatformTool>
    </conf>
  </confs>
</configurationDescriptor>
